{"cameraMode":{"drawMode":0,"name":"Shaded","section":"Shading Mode"},"sceneLighting":true,"audioPlay":false,"sceneViewState":{"m_AlwaysRefresh":false,"showFog":true,"showSkybox":true,"showFlares":true,"showImageEffects":true,"showParticleSystems":true,"showVisualEffectGraphs":true,"m_FxEnabled":true},"in2DMode":false,"pivot":{"x":-3.2866387367248537,"y":12.694533348083496,"z":9.302033424377442},"rotation":{"x":0.7259376645088196,"y":0.0010317022679373623,"z":-0.0010889219120144845,"w":0.68775874376297},"size":18.707441329956056,"orthographic":true}